ground-truth,zero-shot-p_pos,zero-shot-p_neg,1st-self-one-shot-p_pos,1st-self-one-shot-p_neg,2nd-self-one-shot-p_pos,2nd-self-one-shot-p_neg
1,0.0018376549705863,0.0005125331226736307,0.26468896865844727,0.2791069447994232,0.26272785663604736,0.10124637931585312
1,0.0023819473572075367,0.0005494438228197396,0.28173476457595825,0.20957565307617188,0.25131577253341675,0.063906729221344
1,0.01513428334146738,0.0010091143194586039,0.3696807622909546,0.30509209632873535,0.3615299463272095,0.11549616605043411
1,0.001884010387584567,0.0007676249369978905,0.30998820066452026,0.33593112230300903,0.3822510540485382,0.09759888797998428
0,0.0023415465839207172,0.000594934681430459,0.2720068097114563,0.33621400594711304,0.33362314105033875,0.14460845291614532
1,0.003369684796780348,0.0011103894794359803,0.5097984075546265,0.23493178188800812,0.42709478735923767,0.10897976160049438
1,0.0032237160485237837,0.00039315767935477197,0.36693957448005676,0.3395627439022064,0.3616788983345032,0.13172036409378052
1,0.00382944755256176,0.00038235264946706593,0.34723520278930664,0.29774338006973267,0.34718847274780273,0.12008402496576309
1,0.001252087065950036,0.0008204482146538794,0.2099090814590454,0.3614210784435272,0.31876081228256226,0.14714890718460083
1,0.0012383355060592294,0.00033368394360877573,0.2831772267818451,0.2738678455352783,0.382251113653183,0.07904878258705139
0,0.0017213377868756652,0.0013947983970865607,0.2887321412563324,0.3455061614513397,0.362263947725296,0.13933631777763367
1,0.002757228212431073,0.0007411381811834872,0.36719396710395813,0.35350167751312256,0.3370080590248108,0.11466022580862045
0,0.0037025155033916235,0.002013701479882002,0.2551247477531433,0.31595590710639954,0.202825665473938,0.13131064176559448
1,0.0029319690074771643,0.0020471327006816864,0.12262322008609772,0.2995990514755249,0.1525612473487854,0.03301681578159332
1,0.0035812638234347105,0.0008479511016048491,0.2872430086135864,0.3516228199005127,0.3167831599712372,0.09576049447059631
0,0.0031229997985064983,0.0021595351863652468,0.3308182656764984,0.27339255809783936,0.2866266369819641,0.16866245865821838
0,0.00021491339430212975,0.00025587849086150527,0.2812184691429138,0.3095867335796356,0.32245466113090515,0.1441846638917923
1,0.001211735769174993,0.00014889238809701055,0.1480526477098465,0.2097962647676468,0.23019558191299438,0.034096039831638336
1,0.004768732003867626,0.00041060394141823053,0.3000175654888153,0.3216533660888672,0.3119925260543823,0.11191143095493317
0,0.002350162249058485,0.0020783529616892338,0.4017399549484253,0.24942317605018616,0.3406427502632141,0.13495050370693207
0,0.0016971623990684748,0.0006795115186832845,0.25081050395965576,0.32601016759872437,0.19021064043045044,0.1390393078327179
1,0.0008401913801208138,0.00035190468770451844,0.4594830870628357,0.25418663024902344,0.3901248574256897,0.154133602976799
1,0.0020705005154013634,0.00043684267438948154,0.2922382354736328,0.3241594731807709,0.3427426815032959,0.12680427730083466
1,0.003943650051951408,0.0007225974695757031,0.3284846842288971,0.3155209720134735,0.3221288025379181,0.10066179186105728
0,0.00375797669403255,0.0034919262398034334,0.4196283519268036,0.28970611095428467,0.37990424036979675,0.1772128790616989
0,0.0018000975251197815,0.0005400520167313516,0.2568213641643524,0.3815818428993225,0.34363192319869995,0.11489598453044891
1,0.0027997454162687063,0.0006472205277532339,0.36549636721611023,0.2731208801269531,0.34002789855003357,0.0858292356133461
0,0.002379288198426366,0.0037978868931531906,0.12644965946674347,0.3464471399784088,0.15986740589141846,0.05227260664105415
1,0.002857054118067026,0.0006975192809477448,0.275552898645401,0.35943740606307983,0.4070057272911072,0.08004388958215714
1,0.0024388160090893507,0.00013952903100289404,0.30032554268836975,0.33715343475341797,0.3360816538333893,0.09230882674455643
1,0.0023896119091659784,0.0007200725958682597,0.19227954745292664,0.27321189641952515,0.15780076384544373,0.05952320992946625
1,0.005324928555637598,0.0009635547176003456,0.1792665421962738,0.3122849464416504,0.2556854486465454,0.05643365532159805
0,0.0017672971589490771,0.004547697026282549,0.27966776490211487,0.286063551902771,0.2811915874481201,0.12250014394521713
0,0.003796907374635339,0.003132504178211093,0.3359231948852539,0.24382175505161285,0.2805229425430298,0.1043868139386177
0,0.0008272749837487936,0.0015484567265957594,0.2244645655155182,0.3246816396713257,0.19941076636314392,0.09800371527671814
0,0.003024904290214181,0.0030743670649826527,0.2872225046157837,0.261907160282135,0.20162466168403625,0.07407799363136292
1,0.0029355548322200775,0.00023292104015126824,0.3544529974460602,0.33844050765037537,0.3169083297252655,0.15565553307533264
1,0.009430122561752796,0.0013808318180963397,0.25098225474357605,0.3191601037979126,0.2988322377204895,0.08440300077199936
1,0.0020981421694159508,0.00018944124167319387,0.28307509422302246,0.289196640253067,0.35217976570129395,0.0946115180850029
1,0.002523882547393441,0.0004904727102257311,0.16165606677532196,0.23192009329795837,0.23396451771259308,0.04379279538989067
1,0.0021566294599324465,0.0005758079933002591,0.15939369797706604,0.25394007563591003,0.17370617389678955,0.03004744090139866
0,0.003932375926524401,0.002290734788402915,0.2631612718105316,0.26485925912857056,0.18430259823799133,0.09760905057191849
1,0.0051901196129620075,0.0009085718775168061,0.20322319865226746,0.36495086550712585,0.24760952591896057,0.06178295239806175
0,0.014254664070904255,0.0030425293371081352,0.4063490629196167,0.23793059587478638,0.2987042963504791,0.13692592084407806
1,0.007329808082431555,0.0004856767482124269,0.4210403859615326,0.35414162278175354,0.4012886881828308,0.1575227677822113
0,0.006108315195888281,0.0027849397156387568,0.115829236805439,0.22680598497390747,0.079454205930233,0.02437492646276951
1,0.005683877505362034,0.0015677614137530327,0.13983923196792603,0.29154840111732483,0.15637977421283722,0.05152428522706032
1,0.0037269247695803642,0.0007418978493660688,0.36026668548583984,0.3863169848918915,0.391288161277771,0.19654537737369537
1,0.011834029108285904,0.001941003603860736,0.1560707986354828,0.2304714322090149,0.09711232781410217,0.018087083473801613
1,0.007605382706969976,0.0016411790857091546,0.25543510913848877,0.26958850026130676,0.22998975217342377,0.05639270320534706
1,0.0018884304445236921,0.000508466677274555,0.20383360981941223,0.29949629306793213,0.20101378858089447,0.0366000160574913
0,0.0009303396218456328,0.0018035098910331726,0.22765572369098663,0.3944714069366455,0.30865612626075745,0.07587438821792603
0,0.0032141709234565496,0.004370455164462328,0.15058457851409912,0.32993772625923157,0.2241038680076599,0.0584053173661232
1,0.02192223258316517,0.007565806619822979,0.24109354615211487,0.2548714876174927,0.12631602585315704,0.04762834310531616
1,0.005383120384067297,0.0006930905510671437,0.3440105617046356,0.2900964617729187,0.3391271233558655,0.130434051156044
0,0.005037995986640453,0.002149623818695545,0.24484547972679138,0.20876817405223846,0.15443666279315948,0.0446002334356308
0,0.0046243746764957905,0.00226387707516551,0.28865039348602295,0.2702096402645111,0.3275662064552307,0.10596543550491333
0,0.0011001673992723227,0.001585097867064178,0.36814460158348083,0.25356850028038025,0.3332783579826355,0.13348454236984253
0,0.002505651907995343,0.0034344475716352463,0.11138411611318588,0.270675927400589,0.11456924676895142,0.02696904167532921
1,0.0011458495864644647,0.00037659952067770064,0.1378912627696991,0.2551884055137634,0.18949167430400848,0.02391836978495121
0,0.005169127136468887,0.0008795689791440964,0.3362475037574768,0.3510269224643707,0.3237658143043518,0.08459801226854324
0,0.0010864126961678267,0.0012886271579191089,0.23647555708885193,0.4147731065750122,0.30429211258888245,0.09721874445676804
0,0.0037026444915682077,0.0015356742078438401,0.2613453269004822,0.3046477735042572,0.24983108043670654,0.09697840362787247
1,0.0018472856609150767,0.0009033187525346875,0.22413122653961182,0.3265880048274994,0.34564995765686035,0.08661520481109619
1,0.003658659290522337,0.0002487354213371873,0.3876059353351593,0.26350653171539307,0.33753451704978943,0.12548303604125977
1,0.004664041567593813,0.0003762725100386888,0.3801284730434418,0.3087088167667389,0.33591392636299133,0.10723765194416046
0,0.0020864009857177734,0.0015363171696662903,0.22500614821910858,0.396529883146286,0.3547590374946594,0.05598508566617966
1,0.006375771481543779,0.0018332763575017452,0.27801513671875,0.36229419708251953,0.2850949764251709,0.100258968770504
0,0.005800091195851564,0.0017488171579316258,0.31902819871902466,0.34789469838142395,0.4039948880672455,0.06541435420513153
1,0.0032813875004649162,0.0009932337561622262,0.4161299169063568,0.31116676330566406,0.4506331980228424,0.1488599330186844
1,0.0013187950244173408,0.0004969704896211624,0.2250337302684784,0.41042646765708923,0.3211088478565216,0.06576161086559296
0,0.00035390775883570313,0.0012322188122197986,0.2278200089931488,0.40776076912879944,0.35928237438201904,0.14211241900920868
0,0.0031631416641175747,0.0014681537868455052,0.20012477040290833,0.35831785202026367,0.28611865639686584,0.04804248735308647
1,0.013886296190321445,0.0008830968872644007,0.46609818935394287,0.2320525348186493,0.28043416142463684,0.138463094830513
0,0.007785353343933821,0.002773136831820011,0.2384973019361496,0.3080406188964844,0.15040822327136993,0.04377638176083565
1,0.005297224037349224,0.0005921555566601455,0.3098556399345398,0.3089783489704132,0.29027798771858215,0.0775875374674797
1,0.0018654435407370329,0.0012993512209504843,0.3974252939224243,0.2322956770658493,0.33274316787719727,0.1911512166261673
0,0.0009506975766271353,0.001895287772640586,0.342693567276001,0.2714395821094513,0.29066506028175354,0.12638255953788757
1,0.0008718793396838009,0.001886676182039082,0.27646562457084656,0.36715760827064514,0.3731316328048706,0.15492485463619232
0,0.0010011977283284068,0.001134683145210147,0.5141112208366394,0.2538015842437744,0.3042483627796173,0.3041827976703644
0,0.0017260044114664197,0.0009118171292357147,0.13008242845535278,0.27891698479652405,0.15486644208431244,0.034382764250040054
1,0.00892395805567503,0.0031864873599261045,0.21395929157733917,0.36002016067504883,0.24264705181121826,0.0685764029622078
1,0.002260330831632018,0.0003344884607940912,0.444654256105423,0.2364792823791504,0.3983415961265564,0.08600597083568573
0,0.0013440401526167989,0.0015975822461768985,0.33660179376602173,0.2492508441209793,0.3542446494102478,0.1093706414103508
0,0.002588672796264291,0.0013097552582621574,0.2616279125213623,0.3690156936645508,0.16113652288913727,0.11585801839828491
1,0.0017096465453505516,0.0001829495740821585,0.35427001118659973,0.2111816555261612,0.2692851722240448,0.037865228950977325
1,0.0015053368406370282,0.00033096937113441527,0.3030818700790405,0.356611967086792,0.33327946066856384,0.10412232577800751
0,0.0021987115032970905,0.0025610134471207857,0.20382137596607208,0.32443612813949585,0.19241343438625336,0.07571452111005783
0,0.002854411955922842,0.013933232985436916,0.22672410309314728,0.4503888785839081,0.38415980339050293,0.143820121884346
1,0.004441405180841684,0.000742229400202632,0.25035300850868225,0.34028270840644836,0.275075227022171,0.0974259078502655
0,0.01135181076824665,0.0032668791245669127,0.3744008243083954,0.29407998919487,0.41633179783821106,0.08421453833580017
0,0.00180138205178082,0.0016305347671732306,0.23966363072395325,0.31889835000038147,0.20736274123191833,0.10497363656759262
0,0.0011317881289869547,0.0014491785550490022,0.37532588839530945,0.27854955196380615,0.28916361927986145,0.0996878370642662
0,0.0003361442650202662,0.0006120092584751546,0.1540578305721283,0.44703957438468933,0.2897840440273285,0.08010604232549667
1,0.003946512006223202,0.0005142371519468725,0.22638292610645294,0.3993494212627411,0.3044264316558838,0.06970899552106857
0,0.0014218674041330814,0.0014118929393589497,0.20795993506908417,0.3584015667438507,0.17010648548603058,0.08748418837785721
1,0.00334505969658494,0.00038922412204556167,0.32517966628074646,0.3447955250740051,0.44950464367866516,0.08663870394229889
1,0.013354448601603508,0.0005660248571075499,0.5103815793991089,0.1818915754556656,0.3856884837150574,0.09334703534841537
1,0.00162311433814466,0.00019197959045413882,0.2225121259689331,0.27575308084487915,0.31424233317375183,0.06574062258005142
0,0.0032467255368828773,0.002044984605163336,0.18066489696502686,0.33885300159454346,0.23784717917442322,0.05200842022895813
1,0.009204959496855736,0.0017050870228558779,0.37227123975753784,0.22297613322734833,0.2652274966239929,0.1140231117606163
0,0.0015494911931455135,0.001841663382947445,0.3203737735748291,0.3613375425338745,0.3655607998371124,0.08995650708675385
1,0.0015655569732189178,0.0006883420282974839,0.11772358417510986,0.35828056931495667,0.2109547257423401,0.03529336676001549
0,0.005691238678991795,0.0035918024368584156,0.19454097747802734,0.28103917837142944,0.15337969362735748,0.08233769237995148
1,0.0051443553529679775,0.001918616471812129,0.12786151468753815,0.2386738657951355,0.0800827220082283,0.017870821058750153
0,0.008761673234403133,0.002101072808727622,0.29976433515548706,0.32697322964668274,0.21509547531604767,0.1615980714559555
0,0.0028724605217576027,0.002227146178483963,0.31932777166366577,0.3510352075099945,0.40800613164901733,0.1238146722316742
0,0.0030660207848995924,0.001355647575110197,0.23994679749011993,0.3606056272983551,0.2921425998210907,0.06058403104543686
0,0.001871814369224012,0.004772776272147894,0.3872098922729492,0.27647003531455994,0.2673218548297882,0.13278256356716156
0,0.0005787163972854614,0.001492344425059855,0.22770346701145172,0.3467685282230377,0.15935106575489044,0.07309594005346298
1,0.003438356099650264,0.0008017276413738728,0.31105008721351624,0.3085285425186157,0.2863079905509949,0.12160501629114151
0,0.0020435405895113945,0.002325854729861021,0.21615268290042877,0.28755250573158264,0.2340427041053772,0.07262706011533737
1,0.0036982507444918156,0.0013222245033830404,0.2469004988670349,0.31701168417930603,0.28208398818969727,0.0794089064002037
0,0.002911672927439213,0.0030271094292402267,0.4446471035480499,0.298439085483551,0.40021151304244995,0.20378440618515015
1,0.0014110642950981855,0.00011027930304408073,0.2913798391819,0.243813619017601,0.3460638225078583,0.06947252154350281
0,0.004138700198382139,0.002702845726162195,0.2725650370121002,0.3327541947364807,0.2452986091375351,0.07591550052165985
1,0.006091283634305,0.0009673621971160173,0.3053548336029053,0.34299013018608093,0.3405284583568573,0.12253647297620773
0,0.0017898979131132364,0.002118156524375081,0.37017977237701416,0.3171921670436859,0.3771343529224396,0.12709805369377136
0,0.0042609404772520065,0.0005908188759349287,0.5145108103752136,0.229318767786026,0.43294522166252136,0.13280005753040314
1,0.0023713442496955395,0.0002628356742206961,0.5406410098075867,0.22310037910938263,0.4045287072658539,0.2925114929676056
1,0.0019309177296236157,0.0005378001951612532,0.4449405372142792,0.2134583294391632,0.3507347106933594,0.1818239986896515
0,0.0009756941581144929,0.000880636100191623,0.1485348343849182,0.2939091622829437,0.21140770614147186,0.07704253494739532
1,0.0029369487892836332,0.0001310443039983511,0.42429298162460327,0.30656158924102783,0.43602797389030457,0.21770203113555908
0,0.0029089823365211487,0.0004034416051581502,0.42347121238708496,0.27297455072402954,0.39353248476982117,0.15914714336395264
1,0.004179287701845169,0.0009350582840852439,0.2654179036617279,0.25405699014663696,0.3028933107852936,0.06778654456138611
0,0.001179563463665545,0.0016676010563969612,0.25984838604927063,0.3347853720188141,0.3432973027229309,0.1511640101671219
0,0.0011543716536834836,0.002033783355727792,0.23188810050487518,0.43824753165245056,0.2797790467739105,0.1346919983625412
0,0.0030699579510837793,0.0031855301931500435,0.4375389516353607,0.3232831656932831,0.4795147478580475,0.18076127767562866
0,0.0019855655264109373,0.0018361868569627404,0.2276579737663269,0.30356380343437195,0.1901138722896576,0.08976951986551285
1,0.002739217597991228,0.0003440520085860044,0.448419451713562,0.2976212501525879,0.32383042573928833,0.1774090677499771
1,0.006950152572244406,0.0018934713443741202,0.3694598078727722,0.31099531054496765,0.26831430196762085,0.1467127501964569
1,0.0005663595511578023,0.0005251468974165618,0.2534186840057373,0.4149762988090515,0.38068264722824097,0.13117115199565887
0,0.006695076823234558,0.0017809451092034578,0.1944347321987152,0.2321973741054535,0.15488532185554504,0.03009793348610401
1,0.005316647235304117,0.0008038516389206052,0.38838788866996765,0.2715247869491577,0.33639293909072876,0.1700335294008255
1,0.0014079110696911812,0.002022035652771592,0.19503441452980042,0.3820001780986786,0.26086336374282837,0.08496466279029846
0,0.002574957674369216,0.0012374887010082603,0.30019545555114746,0.29318830370903015,0.23735636472702026,0.0953807458281517
0,0.0029896823689341545,0.00977156963199377,0.2807076573371887,0.3918602168560028,0.34555676579475403,0.2322683483362198
1,0.004475408233702183,0.0009147532400675118,0.3907255232334137,0.2809715270996094,0.35580065846443176,0.10469792038202286
1,0.0022735728416591883,0.0010978610953316092,0.19173431396484375,0.35781556367874146,0.26918116211891174,0.07659168541431427
1,0.0023959632962942123,0.0002384726976742968,0.41948559880256653,0.2621668875217438,0.3712909519672394,0.15110722184181213
1,0.0034681654069572687,0.000932465773075819,0.3000260591506958,0.3683744966983795,0.32685786485671997,0.10582295060157776
0,0.00652056559920311,0.0024070213548839092,0.39228686690330505,0.27888065576553345,0.3182656764984131,0.10711529850959778
1,0.0017011705785989761,0.0003758310922421515,0.22145891189575195,0.32636186480522156,0.2863001227378845,0.05970606952905655
0,0.005429002456367016,0.0022206043358892202,0.4291180968284607,0.21593695878982544,0.273109495639801,0.08908361941576004
1,0.0038508616853505373,0.0008336268947459757,0.30881643295288086,0.2758790850639343,0.195659339427948,0.08646493405103683
0,0.0006090985843911767,0.0017376042669638991,0.25965842604637146,0.3887855112552643,0.2920609414577484,0.15091152489185333
1,0.008584163151681423,0.004019112791866064,0.3604148328304291,0.3040304481983185,0.29348036646842957,0.11024096608161926
1,0.008473781868815422,0.0007787281647324562,0.40153613686561584,0.23251919448375702,0.31050756573677063,0.12315346300601959
0,0.001250747125595808,0.0024242924991995096,0.38247764110565186,0.3236132860183716,0.3528743386268616,0.2032679170370102
0,0.002121841302141547,0.0026807626709342003,0.18683895468711853,0.2489645779132843,0.09769004583358765,0.05620357394218445
1,0.004860085900872946,0.0005723656504414976,0.17543846368789673,0.2859618663787842,0.21148847043514252,0.04062854126095772
0,0.002047235844656825,0.0010130626615136862,0.22046995162963867,0.33127278089523315,0.22607079148292542,0.055094800889492035
1,0.014318378642201424,0.00256530474871397,0.2539474368095398,0.2692992091178894,0.35748621821403503,0.08763986080884933
1,0.007436744868755341,0.001873393775895238,0.30067524313926697,0.360655814409256,0.32244861125946045,0.08925104886293411
0,0.0007085201796144247,0.0010468398686498404,0.37238609790802,0.22629006206989288,0.21202953159809113,0.27318423986434937
0,0.007028419990092516,0.00408535823225975,0.23811829090118408,0.2736940085887909,0.25818175077438354,0.06990810483694077
1,0.0008235276327468455,0.0010045272065326571,0.21885946393013,0.32220521569252014,0.3389488756656647,0.08727969974279404
1,0.006615514867007732,0.0015861616702750325,0.14311674237251282,0.3031076192855835,0.15059053897857666,0.040627483278512955
0,0.0014243301702663302,0.0014456608332693577,0.28935641050338745,0.314862996339798,0.3158091604709625,0.16114655137062073
0,0.0010231048800051212,0.0010706960456445813,0.2905232012271881,0.36520346999168396,0.31828585267066956,0.1526913344860077
1,0.0003855871909763664,9.553691052133217e-05,0.17141088843345642,0.25240960717201233,0.2625780403614044,0.04779496416449547
0,0.0008353583398275077,0.0015761919785290956,0.278936505317688,0.3667519986629486,0.20582057535648346,0.15138110518455505
0,0.002417396754026413,0.0019545743707567453,0.33301791548728943,0.3374135494232178,0.3390110433101654,0.16646932065486908
0,0.005911314859986305,0.0014732854906469584,0.3794071674346924,0.26825496554374695,0.34980517625808716,0.1436145305633545
0,0.0002492080384399742,0.00020004146790597588,0.36285829544067383,0.36766427755355835,0.4115133285522461,0.17592008411884308
0,0.0037015164270997047,0.0037382657174021006,0.21915322542190552,0.3403734862804413,0.2399200052022934,0.1025896668434143
0,0.0010796628193929791,0.0009840810671448708,0.3655998110771179,0.3001863360404968,0.299949586391449,0.1299528181552887
0,0.006314372178167105,0.0009784470312297344,0.3466591536998749,0.26554247736930847,0.35056912899017334,0.12680001556873322
1,0.005071436055004597,0.0004334591212682426,0.4229503571987152,0.23618853092193604,0.3199927806854248,0.10207938402891159
1,0.002936066361144185,0.00045595780829899013,0.4581616520881653,0.2341223657131195,0.37467333674430847,0.14469416439533234
1,0.002020134124904871,0.0005225303466431797,0.30379095673561096,0.30685120820999146,0.3591311275959015,0.08301308751106262
1,0.008813866414129734,0.0007184689748100936,0.3586292564868927,0.304104745388031,0.3362385928630829,0.13097746670246124
0,0.0010092408629134297,0.0029441348742693663,0.3827483057975769,0.2504541277885437,0.32804614305496216,0.08955983072519302
0,0.001746808411553502,0.006364878267049789,0.14873161911964417,0.3310781419277191,0.2051171511411667,0.06344956904649734
0,0.0023715917486697435,0.000927974411752075,0.2302130162715912,0.35332149267196655,0.262185275554657,0.1053851768374443
0,0.0006593949510715902,0.0009288970031775534,0.3362518846988678,0.2955714166164398,0.3628081679344177,0.15412288904190063
0,0.000880859384778887,0.0012952509569004178,0.3347867727279663,0.3441743850708008,0.2929970324039459,0.1516260951757431
1,0.00043777795508503914,0.0002803753886837512,0.1326339989900589,0.2987947165966034,0.2058458924293518,0.06728639453649521
0,0.0007093427120707929,0.0007702093571424484,0.2100798636674881,0.421532541513443,0.26255857944488525,0.1300400197505951
0,0.0005695790168829262,0.0010075143072754145,0.20018216967582703,0.39361390471458435,0.234480082988739,0.060377780348062515
1,0.002541330410167575,0.0008315072627738118,0.31607508659362793,0.23997913300991058,0.22547616064548492,0.08215409517288208
0,0.0037217997014522552,0.0021422405261546373,0.3539452850818634,0.3213259279727936,0.3583782911300659,0.11281240731477737
0,0.0011044160928577185,0.0015222362708300352,0.2706966996192932,0.3804740011692047,0.33690452575683594,0.1671900600194931
0,0.0006877405685372651,0.0012116256402805448,0.19862625002861023,0.2668081521987915,0.2872745096683502,0.0789208933711052
0,0.0017832873854786158,0.0024015509989112616,0.22223877906799316,0.27376770973205566,0.2590543329715729,0.045960623770952225
1,0.004610625561326742,0.0004526545526459813,0.3922012746334076,0.31168797612190247,0.3977372944355011,0.07359954714775085
0,0.001514369621872902,0.002174986759200692,0.297849178314209,0.4540639817714691,0.3851497173309326,0.13901521265506744
1,0.0030043029692023993,0.0004366644425317645,0.31484514474868774,0.2749786674976349,0.30832338333129883,0.10171964764595032
0,0.0016363814938813448,0.004913934972137213,0.22440847754478455,0.32763752341270447,0.28896498680114746,0.08217284083366394
0,0.0016885215882211924,0.0006889398791827261,0.33436617255210876,0.2827385365962982,0.3406897187232971,0.09943412244319916
0,0.004451784770935774,0.005226753652095795,0.23703905940055847,0.31472939252853394,0.1759602278470993,0.11033330857753754
0,0.0012992917327210307,0.0032290660310536623,0.26017439365386963,0.3574165403842926,0.23308295011520386,0.06912453472614288
1,0.004684175830334425,0.0005927251186221838,0.3149855434894562,0.3302764594554901,0.3346662223339081,0.07812903076410294
0,0.0010498779593035579,0.0007153160986490548,0.2295830100774765,0.3431601822376251,0.31200098991394043,0.07872619479894638
0,0.0011983761796727777,0.0025223505217581987,0.2540668547153473,0.4030729830265045,0.31049489974975586,0.07373106479644775
1,0.00568837346509099,0.0012184173101559281,0.14939944446086884,0.22041915357112885,0.17261095345020294,0.0371013879776001
1,0.004096251912415028,0.0010883444920182228,0.14852258563041687,0.2495860755443573,0.17621608078479767,0.04375030845403671
0,0.0009049636428244412,0.002696210751309991,0.23985615372657776,0.43796658515930176,0.2828071415424347,0.09685581177473068
1,0.004408079199492931,0.0005669939564540982,0.4143235981464386,0.28095346689224243,0.324363648891449,0.19364206492900848
1,0.003946454264223576,0.0028544445522129536,0.23892569541931152,0.3529931306838989,0.270803838968277,0.08224097639322281
0,0.005481268744915724,0.002973672468215227,0.4301625192165375,0.2763725519180298,0.3686791956424713,0.075945183634758
0,0.005548772402107716,0.0018118862062692642,0.4975844919681549,0.21422037482261658,0.36859458684921265,0.1690158247947693
0,0.001971019199118018,0.0004437227617017925,0.41383299231529236,0.2585729956626892,0.42460745573043823,0.11175788938999176
0,0.0007790697272866964,0.0023553953506052494,0.24702472984790802,0.4140734374523163,0.3464887738227844,0.18132659792900085
1,0.002683038357645273,0.00048538309056311846,0.40503349900245667,0.269427090883255,0.36789578199386597,0.14602279663085938
1,0.0036903307773172855,0.00028728280449286103,0.2355503886938095,0.30982038378715515,0.21919165551662445,0.053645603358745575
1,0.00721020670607686,0.0003813073271885514,0.30678266286849976,0.28831246495246887,0.26902395486831665,0.05646270141005516
1,0.0018183864885941148,0.0009893107926473022,0.25273939967155457,0.2926947772502899,0.22382852435112,0.07899216562509537
1,0.011673621833324432,0.0016711108619347215,0.26769256591796875,0.32660073041915894,0.2760157883167267,0.07983731478452682
0,0.0031970359850674868,0.003759712679311633,0.3332524597644806,0.2961917817592621,0.28423982858657837,0.10615413635969162
0,0.0030464825686067343,0.0020085186697542667,0.18270784616470337,0.2296725958585739,0.176662415266037,0.07536841928958893
0,0.003817774821072817,0.004763095639646053,0.4002600312232971,0.31030532717704773,0.33954548835754395,0.18571501970291138
0,0.0007422517519444227,0.0011394208995625377,0.19828107953071594,0.38646459579467773,0.21816231310367584,0.1049242839217186
0,0.0014444974949583411,0.0010482659563422203,0.1805378943681717,0.2728389501571655,0.20058877766132355,0.042626287788152695
1,0.007960622198879719,0.0006384275038726628,0.47697705030441284,0.2356553077697754,0.383035808801651,0.1419697254896164
0,0.002017752267420292,0.0025304951705038548,0.2887991666793823,0.3632205128669739,0.3505919575691223,0.17909303307533264
0,0.0057820784859359264,0.002388040767982602,0.2789449393749237,0.31653037667274475,0.3160686790943146,0.07661229372024536
1,0.0016940843779593706,0.00025349753559567034,0.28440821170806885,0.33189037442207336,0.3361315131187439,0.056050561368465424
0,0.0014557376271113753,0.0011179930297657847,0.36413314938545227,0.3545624315738678,0.3548068702220917,0.1966702789068222
0,0.003314349567517638,0.004506251309067011,0.19227851927280426,0.2929426431655884,0.1841099113225937,0.05427185446023941
1,0.01279882900416851,0.0008702239720150828,0.540266215801239,0.19398511946201324,0.3254927396774292,0.2229173481464386
1,0.00405086250975728,0.0013953254092484713,0.28698205947875977,0.4166697859764099,0.39451250433921814,0.12874282896518707
1,0.003526433603838086,0.0006575538427568972,0.16285012662410736,0.2592933773994446,0.17167703807353973,0.02868921123445034
1,0.006325387395918369,0.0004612245538737625,0.3206940293312073,0.2198343724012375,0.27790361642837524,0.07636456191539764
0,0.005957943852990866,0.0028824200853705406,0.4702695608139038,0.26179659366607666,0.4757500886917114,0.18013112246990204
0,0.001521650585345924,0.0019971278961747885,0.24525980651378632,0.31222066283226013,0.2695522606372833,0.09504744410514832
1,0.000998749048449099,0.0007944987737573683,0.2731028199195862,0.3449897766113281,0.32825779914855957,0.09863994270563126
0,0.0031884429045021534,0.002327856607735157,0.3484728932380676,0.32117679715156555,0.3007962703704834,0.1723809391260147
1,0.0012674791505560279,0.000578689097892493,0.2273246794939041,0.3072633147239685,0.3190494179725647,0.09256134182214737
0,0.0005703851347789168,0.00161745713558048,0.2583382725715637,0.371732234954834,0.31328049302101135,0.09309681504964828
0,0.002434072084724903,0.0015166919911280274,0.4048512876033783,0.3179023563861847,0.39768725633621216,0.18427255749702454
0,0.0008661731262691319,0.0015867245383560658,0.36399364471435547,0.3163010776042938,0.38539281487464905,0.10830064862966537
0,0.0035774449352174997,0.0016646741423755884,0.17634209990501404,0.2634577751159668,0.1991887390613556,0.029188767075538635
1,0.0016780763398855925,0.0003614157612901181,0.3067541718482971,0.3089584708213806,0.4060268700122833,0.09784118086099625
1,0.01063777506351471,0.0007791569223627448,0.2656252086162567,0.2548801004886627,0.2508978545665741,0.07626686245203018
1,0.004390251822769642,0.0003531392721924931,0.4321584105491638,0.246299609541893,0.34703895449638367,0.11301475763320923
1,0.003884783713147044,0.000302157539408654,0.31721311807632446,0.3348269462585449,0.40684425830841064,0.07608310133218765
1,0.002746377605944872,0.0020839148201048374,0.3149150311946869,0.3411397635936737,0.3441423177719116,0.18592247366905212
0,0.0018134418642148376,0.002028376329690218,0.2722207009792328,0.27616995573043823,0.24882473051548004,0.10989582538604736
0,0.004999065771698952,0.0015661119250580668,0.28348416090011597,0.274408221244812,0.2675519585609436,0.05853591114282608
0,0.0009627563995309174,0.0010941540822386742,0.16898775100708008,0.32777318358421326,0.2026558667421341,0.04736665263772011
1,0.011233159340918064,0.0005591836525127292,0.4233142137527466,0.26716917753219604,0.2809811532497406,0.11569677293300629
0,0.0015976676950231194,0.002617319580167532,0.20503047108650208,0.2757037580013275,0.14185312390327454,0.05581493675708771
0,0.005720647517591715,0.005720001179724932,0.28247079253196716,0.26999756693840027,0.12198136001825333,0.0366140641272068
1,0.0055261277593672276,0.0005033902707509696,0.40293025970458984,0.3208315968513489,0.4359521269798279,0.1806994527578354
1,0.002325445180758834,0.0006505837081931531,0.40622225403785706,0.2468055635690689,0.3949104845523834,0.14381781220436096
0,0.00937582552433014,0.0009047255734913051,0.33561235666275024,0.24534614384174347,0.20898406207561493,0.06281622499227524
1,0.0075134402140975,0.003873764770105481,0.2907048761844635,0.3076816201210022,0.3532668352127075,0.08142745494842529
1,0.007795713376253843,0.000710816471837461,0.49513500928878784,0.2191615104675293,0.39483508467674255,0.12021434307098389
0,0.0009164542425423861,0.0008266582153737545,0.17388677597045898,0.30126598477363586,0.21801167726516724,0.042275361716747284
0,0.0026667604688555002,0.0029475854244083166,0.32228323817253113,0.3495270013809204,0.3219577372074127,0.09634968638420105
0,0.0003233120369259268,0.0012177987955510616,0.15726156532764435,0.4587499499320984,0.25010088086128235,0.11205744743347168
0,0.0012746236752718687,0.0010493806330487132,0.32690364122390747,0.31860604882240295,0.3343369960784912,0.12648509442806244
0,0.0012503681937232614,0.0039109052158892155,0.20201466977596283,0.3704172968864441,0.2903074622154236,0.07468058913946152
1,0.0005158194690011442,0.0005797835765406489,0.21474090218544006,0.26957646012306213,0.26680731773376465,0.09644550830125809
1,0.001680840621702373,0.0007879379554651678,0.2355593889951706,0.37807348370552063,0.3219688832759857,0.06344521790742874
